{
  "P17": "[X] is located in the country of __",
  "P19": "[X] was born in the city of __",
  "P20": "[X] died in the city of __",
  "P26": "[X] is married to __",
  "P30": "[X] is located in the continent of __",
  "P36": "The capital of [X] is __",
  "P40": "[X]'s child is __",
  "P50": "The author of [X] is __",
  "P69": "The univeristy where [X] was educated is __",
  "P106": "[X] works in the field of __",
  "P112": "[X] was founded by __",
  "P127": "[X] is owned by __",
  "P131": "[X] is located in __",
  "P136": "The type of music that [X] plays is __",
  "P159": "The headquarters of [X] is located in the city of __",
  "P170": "[X] was created by __",
  "P175": "[X] was performed by __",
  "P176": "The company that produced [X] is __",
  "P264": "[X] is represented by __",
  "P276": "[X] is located in __",
  "P407": "[X] was written in the language of __",
  "P413": "[X] plays the position of __",
  "P495": "[X] was created in the country of __",
  "P740": "[X] was founded in the city of __",
  "P800": "[X] is famous for __",
  "P364": "The original language of [X] is __",
  "P1412": "[X] speaks the language of __",
  "P27": "[X] is a citizen of __",
  "P937": "[X] worked in the city of __",
  "P37": "The official language of [X] is __",
  "P140": "[X] is affiliated with the religion of __",
  "P178": "[X] was developed by __",
  "P108": "[X] is employed by __",
  "P641": "[X] is associated with the sport of __",
  "P190": "The twinned administrative body of [X] is __",
  "P463": "[X] is a member of __",
  "P449": "The origianl broadcaster of [X] is __",
  "P35": "The name of the current head of state in [X] is __",
  "P286": "The head coach of [X] is __",
  "P1308": "The [X] is __",
  "P488": "The chairperson of [X] is __",
  "P169": "The chief executive officer of [X] is __",
  "P1037": "The director of [X] is __",
  "P6": "The name of the current head of the [X] government is __"
}