{
  "P30": "Q: Which continent is India located in? A: Asia\nQ: Which continent is Canada located in? A: North America\nQ: Which continent is France located in? A: Europe\nQ: Which continent is Sultanate of Egypt located in? A: Africa\nQ: Which continent is Mysore district located in? A: Asia\nQ: Which continent is Germany located in? A: Europe\nQ: Which continent is Renaud Island located in? A: Antarctica\nQ: Which continent is Prince-Bishopric of Warmia located in? A: Europe",
  "P36": "Q: What is the capital of Germany? A: Berlin\nQ: What is the capital of United States of America? A: Washington, D.C.\nQ: What is the capital of Arsanjan County? A: Arsanjan\nQ: What is the capital of Formia? A: Formia\nQ: What is the capital of Grundy County? A: Altamont\nQ: What is the capital of Custer County? A: Arapaho\nQ: What is the capital of France? A: Paris\nQ: What is the capital of India? A: New Delhi",
  "P35": "Q: What is the name of the current head of state in Newfoundland and Labrador? A: Elizabeth II\nQ: What is the name of the current head of state in United States of America? A: Donald Trump\nQ: What is the name of the current head of state in Stoltenberg's Second Cabinet? A: Harald V of Norway\nQ: What is the name of the current head of state in Germany? A: Frank-Walter Steinmeier\nQ: What is the name of the current head of state in India? A: Ram Nath Kovind\nQ: What is the name of the current head of state in Manipur? A: Najma Heptulla\nQ: What is the name of the current head of state in France? A: Emmanuel Macron\nQ: What is the name of the current head of state in Uttarakhand? A: Krishan Kant Paul",
  "P6": "Q: What is the name of the current head of the Winterthur government? A: Michael K\u00fcnzle\nQ: What is the name of the current head of the J\u016brmala government? A: Inese Aizstrauta\nQ: What is the name of the current head of the India government? A: Narendra Modi\nQ: What is the name of the current head of the Saale-Orla-Kreis government? A: Thomas F\u00fcgmann\nQ: What is the name of the current head of the Germany government? A: Angela Merkel\nQ: What is the name of the current head of the Bratislava government? A: Mat\u00fa\u0161 Vallo\nQ: What is the name of the current head of the United States of America government? A: Donald Trump\nQ: What is the name of the current head of the France government? A: \u00c9douard Philippe",
  "P20": "Q: Which city did Adolf Hitler die in? A: F\u00fchrerbunker\nQ: Which city did Ronald Reagan die in? A: Bel Air\nQ: Which city did Abraham Lincoln die in? A: Petersen House\nQ: Which city did William Shakespeare die in? A: Stratford-upon-Avon\nQ: Which city did Eddie Durham die in? A: New York City\nQ: Which city did Anna Howard Shaw die in? A: Nether Providence Township\nQ: Which city did Franz Walter Stahlecker die in? A: Gatchina\nQ: Which city did Ant\u00f4nio Carlos Gomes die in? A: Bel\u00e9m",
  "P26": "Q: Who is Barack Obama married to? A: Michelle Obama\nQ: Who is Elvis Costello married to? A: Diana Krall\nQ: Who is Bill Clinton married to? A: Hillary Clinton\nQ: Who is Mandy Patinkin married to? A: Kathryn Grody\nQ: Who is George W. Bush married to? A: Laura Bush\nQ: Who is John Reed married to? A: Sunday Reed\nQ: Who is Adolf Hitler married to? A: Eva Braun\nQ: Who is John Forrest married to? A: Margaret Forrest",
  "P140": "Q: Which religion is Jaroslav Ha\u0161ek affiliated with? A: Catholic Church\nQ: Which religion is Catholic Church affiliated with? A: Catholicism\nQ: Which religion is Afghanistan affiliated with? A: Islam\nQ: Which religion is Ottoman Empire affiliated with? A: Islam\nQ: Which religion is Hyder Ali affiliated with? A: Islam\nQ: Which religion is George W. Bush affiliated with? A: United Methodist Church\nQ: Which religion is Mahershala Ali affiliated with? A: Islam\nQ: Which religion is Texas Lutheran University affiliated with? A: American Evangelical Lutheran Church",
  "P1412": "Q: What language does Abraham Lincoln speak? A: English\nQ: What language does Cyril Wecht speak? A: English\nQ: What language does Ronald Reagan speak? A: English\nQ: What language does Augusto Boal speak? A: Portuguese\nQ: What language does William Shakespeare speak? A: English\nQ: What language does Anna Deavere Smith speak? A: English\nQ: What language does George Washington speak? A: English\nQ: What language does Donald Glover speak? A: English",
  "P19": "Q: Which city was Ronald Reagan born in? A: Tampico\nQ: Which city was Adolf Hitler born in? A: Braunau am Inn\nQ: Which city was George W. Bush born in? A: New Haven\nQ: Which city was Akim Tamiroff born in? A: Tbilisi\nQ: Which city was Bill Clinton born in? A: Hope\nQ: Which city was Giovanni Battista Rubini born in? A: Romano di Lombardia\nQ: Which city was Matthew C. Perry born in? A: Newport\nQ: Which city was Matthias Flacius born in? A: Labin",
  "P69": "Q: Which university was Napoleon educated at? A: \u00c9cole Militaire\nQ: Which university was Bob Dylan educated at? A: University of Minnesota\nQ: Which university was Dennis Day educated at? A: Manhattan College\nQ: Which university was Matt Lanter educated at? A: University of Georgia\nQ: Which university was George Villiers, 4th Earl of Clarendon educated at? A: St John's College\nQ: Which university was Anita Rani educated at? A: University of Leeds\nQ: Which university was George Washington educated at? A: Washington and Lee University\nQ: Which university was William Shakespeare educated at? A: King Edward VI School, Stratford-upon-Avon",
  "P40": "Q: Who is Aristotle's child? A: Nicomachus\nQ: Who is Bill Clinton's child? A: Chelsea Clinton\nQ: Who is Elvis Presley's child? A: Lisa Marie Presley\nQ: Who is Grand Duke Michael Alexandrovich of Russia's child? A: George Mikhailovich, Count Brasov\nQ: Who is Crystal Eastman's child? A: Jeffrey Fuller\nQ: Who is Dean Cain's child? A: Christopher Dean Cain\nQ: Who is Hillary Clinton's child? A: Chelsea Clinton\nQ: Who is William Somerset Maugham's child? A: Mary Elizabeth Maugham",
  "P27": "Q: What is the country of citizenship of Bernie Marsden? A: England\nQ: What is the country of citizenship of Bill Clinton? A: United States of America\nQ: What is the country of citizenship of Srinu Vaitla? A: India\nQ: What is the country of citizenship of George W. Bush? A: United States of America\nQ: What is the country of citizenship of Jos\u00e9 Joaqu\u00edn Prieto? A: Chile\nQ: What is the country of citizenship of Daniel Razon? A: Philippines\nQ: What is the country of citizenship of Barack Obama? A: United States of America\nQ: What is the country of citizenship of Ronald Reagan? A: United States of America",
  "P175": "Q: Who performed Pete? A: Jim Cummings\nQ: Who performed Cover Version? A: Steven Wilson\nQ: Who performed Spider-man? A: Tom Holland\nQ: Who performed Universal Music Group? A: Helene Fischer\nQ: Who performed Tenth Doctor? A: David Tennant\nQ: Who performed Dear Prudence? A: The Beatles\nQ: Who performed Art Nouveau? A: Giuseppe Amisani\nQ: Who performed Britney Jean? A: Britney Spears",
  "P108": "Q: Who is the employer of Alexander Borodin? A: Saint Petersburg State Medical University\nQ: Who is the employer of Ali Larijani? A: University of Tehran\nQ: Who is the employer of Ronald Reagan? A: Warner Bros.\nQ: Who is the employer of Winston Churchill? A: University of Edinburgh\nQ: Who is the employer of Leon Allen White? A: Impact Wrestling\nQ: Who is the employer of Roger Ebert? A: University of Chicago\nQ: Who is the employer of Madonna? A: Dunkin'\nQ: Who is the employer of Veranke? A: S.H.I.E.L.D.",
  "P112": "Q: Who founded Whitworth Art Gallery? A: Robert Dukinfield Darbishire\nQ: Who founded Chicago? A: Jean Baptiste Point du Sable\nQ: Who founded Israel? A: David Ben-Gurion\nQ: Who founded People's Republic of China? A: Communist Party of China\nQ: Who founded All Ceylon Tamil Congress? A: G. G. Ponnambalam\nQ: Who founded La Boite Theatre Company? A: Jeremiah Joseph Stable\nQ: Who founded Democratic Party? A: Andrew Jackson\nQ: Who founded Hebrew Union College \u2013 Jewish Institute of Religion \u2013 Cincinnati? A: Isaac Mayer Wise",
  "P50": "Q: Who is the author of Rise and Fall of the City of Mahagonny? A: Bertolt Brecht\nQ: Who is the author of Murder in the Cathedral? A: T. S. Eliot\nQ: Who is the author of Colony in Space? A: Malcolm Hulke\nQ: Who is the author of Dictionary of American Naval Fighting Ships? A: James Mooney\nQ: Who is the author of Manfred? A: Lord Byron\nQ: Who is the author of Hamlet? A: William Shakespeare\nQ: Who is the author of James Bond? A: Ian Fleming\nQ: Who is the author of New Testament? A: various authors",
  "P170": "Q: Who was Twitter created by? A: Jack Dorsey\nQ: Who was Raising the Bar created by? A: Steven Bochco\nQ: Who was Grammy Award created by? A: National Academy of Recording Arts and Sciences\nQ: Who was Facebook created by? A: Mark Zuckerberg\nQ: Who was Remus Lupin created by? A: J. K. Rowling\nQ: Who was Bubbles created by? A: David Simon\nQ: Who was Pilipinas Got Talent created by? A: Simon Cowell\nQ: Who was Finnish created by? A: Mikael Agricola",
  "P407": "Q: Which language was National Register of Historic Places written in? A: English\nQ: Which language was Krazy Kat written in? A: English\nQ: Which language was The Cleveland Show written in? A: English\nQ: Which language was Company written in? A: English\nQ: Which language was AllMusic written in? A: English\nQ: Which language was Billboard Latin Music Awards written in? A: Spanish\nQ: Which language was The New York Times written in? A: English\nQ: Which language was Billboard written in? A: English",
  "P37": "Q: What is the official language of Rabinal? A: Spanish\nQ: What is the official language of Germany? A: German\nQ: What is the official language of France? A: French\nQ: What is the official language of Iran? A: Persian\nQ: What is the official language of Slovak Socialist Republic? A: Slovak\nQ: What is the official language of Akkadian empire? A: Akkadian\nQ: What is the official language of Kingdom of Bavaria? A: German\nQ: What is the official language of United States of America? A: American English",
  "P740": "Q: Where was Israel founded? A: Independence Hall\nQ: Where was The Guardian founded? A: Manchester\nQ: Where was The Bevis Frond founded? A: London\nQ: Where was People's Republic of China founded? A: Tiananmen\nQ: Where was Thomson Reuters founded? A: Toronto\nQ: Where was Burzum founded? A: Norway\nQ: Where was Florentine Opera founded? A: Wisconsin\nQ: Where was NBC founded? A: New York City",
  "P495": "Q: Which country was Elfquest created in? A: United States of America\nQ: Which country was The New York Times created in? A: United States of America\nQ: Which country was Drum Beat created in? A: United States of America\nQ: Which country was association football created in? A: England\nQ: Which country was basketball created in? A: United States of America\nQ: Which country was cricket created in? A: England\nQ: Which country was Jake and the Never Land Pirates created in? A: United States of America\nQ: Which country was PC Pro created in? A: United Kingdom",
  "P106": "Q: What kind of work does Diori Hamani do? A: politician\nQ: What kind of work does William Shakespeare do? A: playwright\nQ: What kind of work does Keith Law do? A: editor\nQ: What kind of work does Elizabeth II do? A: monarch\nQ: What kind of work does Fred Davis do? A: snooker player\nQ: What kind of work does Adolf Hitler do? A: statesperson\nQ: What kind of work does Tom Richardson do? A: cricketer\nQ: What kind of work does Stephan von Breuning do? A: entomologist",
  "P136": "Q: What type of music does Bible play? A: religious text\nQ: What type of music does Radney Foster play? A: country music\nQ: What type of music does Columbia Records play? A: heavy metal\nQ: What type of music does Pietro Mascagni play? A: opera\nQ: What type of music does De revolutionibus orbium coelestium play? A: treatise\nQ: What type of music does Stanley Myers play? A: film score\nQ: What type of music does IOWA play? A: independent film\nQ: What type of music does William Shakespeare play? A: English Renaissance theatre",
  "P364": "Q: What is the original language of IOWA? A: English\nQ: What is the original language of Talent Scout? A: English\nQ: What is the original language of Doctor Who? A: English\nQ: What is the original language of Saturday Night Live? A: English\nQ: What is the original language of Trials and Tribble-ations? A: English\nQ: What is the original language of Wolf Creek? A: English\nQ: What is the original language of Reservoir Dogs? A: English\nQ: What is the original language of The Simpsons? A: English",
  "P937": "Q: Which city did Franklin Delano Roosevelt work in? A: Washington, D.C.\nQ: Which city did Jesus Christ work in? A: Galilee\nQ: Which city did Stanley Bruce work in? A: Canberra\nQ: Which city did Luis Guti\u00e9rrez work in? A: Washington, D.C.\nQ: Which city did Bill Clinton work in? A: Washington, D.C.\nQ: Which city did John Spencer, 3rd Earl Spencer work in? A: London\nQ: Which city did John F. Kennedy work in? A: Washington, D.C.\nQ: Which city did Henry Scott, 3rd Duke of Buccleuch work in? A: London",
  "P800": "Q: What is John Lennon famous for? A: Imagine\nQ: What is Muhammad famous for? A: Quran\nQ: What is Brian Ferneyhough famous for? A: String Quartet No. 2\nQ: What is Elton John famous for? A: Billy Elliot the Musical\nQ: What is John Webb famous for? A: Wilton House\nQ: What is Marina Abramovi\u0107 famous for? A: Seven Easy Pieces\nQ: What is Edward Gibbon famous for? A: The History of the Decline and Fall of the Roman Empire\nQ: What is Adolf Hitler famous for? A: Mein Kampf",
  "P641": "Q: Which sport is handball at the 1972 Summer Olympics associated with? A: handball\nQ: Which sport is Major League Baseball associated with? A: baseball\nQ: Which sport is Scottish Premiership associated with? A: rugby union\nQ: Which sport is first-class cricket associated with? A: cricket\nQ: Which sport is Willenhall Town F.C. associated with? A: association football\nQ: Which sport is National Football League associated with? A: American football\nQ: Which sport is college football associated with? A: American football\nQ: Which sport is Ed Delahanty associated with? A: baseball",
  "P413": "Q: What position does Steven Naismith play? A: forward\nQ: What position does Hugo Ch\u00e1vez play? A: pitcher\nQ: What position does Juan Cuadrado play? A: fullback\nQ: What position does Grant Fuhr play? A: goaltender\nQ: What position does Babe Ruth play? A: left fielder\nQ: What position does R. Kelly play? A: shooting guard\nQ: What position does Gerald Ford play? A: center\nQ: What position does Yu Darvish play? A: starting pitcher",
  "P286": "Q: Who is the head coach of Manchester United F.C.? A: Ole Gunnar Solskj\u00e6r\nQ: Who is the head coach of Hideo Itami? A: Kenta Kobashi\nQ: Who is the head coach of England national football team? A: Gareth Southgate\nQ: Who is the head coach of Tony Nese? A: Mikey Whipwreck\nQ: Who is the head coach of Spain national football team? A: Robert Moreno\nQ: Who is the head coach of Liverpool F.C.? A: Dario Bonetti\nQ: Who is the head coach of New York Yankees? A: Aaron Boone\nQ: Who is the head coach of US Cr\u00e9teil-Lusitanos? A: Carlos Secret\u00e1rio",
  "P159": "Q: Which city is the headquarter of Sestao River Club located in? A: Sestao\nQ: Which city is the headquarter of National Register of Historic Places located in? A: Washington, D.C.\nQ: Which city is the headquarter of Centre for Humanitarian Dialogue located in? A: Geneva\nQ: Which city is the headquarter of Douglas located in? A: Kingswood\nQ: Which city is the headquarter of Republican Party located in? A: Washington, D.C.\nQ: Which city is the headquarter of Travel Air located in? A: Wichita\nQ: Which city is the headquarter of Democratic Party located in? A: Washington, D.C.\nQ: Which city is the headquarter of United States Census Bureau located in? A: Suitland",
  "P178": "Q: Who is the developer of Telegram? A: Telegram FZ-LLC\nQ: Who is the developer of Microsoft Windows? A: Microsoft\nQ: Who is the developer of PlayStation 2? A: Sony Interactive Entertainment\nQ: Who is the developer of iTunes? A: Apple Inc.\nQ: Who is the developer of SR-71 Blackbird? A: Kelly Johnson\nQ: Who is the developer of Moblin? A: Linux Foundation\nQ: Who is the developer of Xbox 360? A: Microsoft\nQ: Who is the developer of Kinsey scale? A: Alfred Kinsey",
  "P488": "Q: Who is the chairperson of Borussia M\u00f6nchengladbach? A: Rolf K\u00f6nigs\nQ: Who is the chairperson of Senate? A: G\u00e9rard Larcher\nQ: Who is the chairperson of Harvard University? A: Lawrence S. Bacow\nQ: Who is the chairperson of Republican Party? A: Ronna Romney McDaniel\nQ: Who is the chairperson of Chinese People's Political Consultative Conference? A: Yu Zhengsheng\nQ: Who is the chairperson of Bangladesh Bank? A: Fazle Kabir\nQ: Who is the chairperson of Democratic Party? A: Thomas Perez\nQ: Who is the chairperson of United States House of Representatives? A: Nancy Pelosi",
  "P169": "Q: Who is the chief executive officer of Poste italiane? A: Luisa Todini\nQ: Who is the chief executive officer of HBO? A: Richard Plepler\nQ: Who is the chief executive officer of Boston Market? A: George Michel\nQ: Who is the chief executive officer of Cendant? A: Henry Silverman\nQ: Who is the chief executive officer of Twitter? A: Jack Dorsey\nQ: Who is the chief executive officer of YouTube? A: Susan Wojcicki\nQ: Who is the chief executive officer of The Royal Bank of Scotland? A: Ross McEwan\nQ: Who is the chief executive officer of Microsoft? A: Satya Nadella",
  "P449": "Q: Who is the original broadcaster of American Idol? A: Fox Broadcasting Company\nQ: Who is the original broadcaster of The Cisco Kid? A: broadcast syndication\nQ: Who is the original broadcaster of USA Today? A: broadcast syndication\nQ: Who is the original broadcaster of Chase? A: NBC\nQ: Who is the original broadcaster of Saturday Night Live? A: NBC\nQ: Who is the original broadcaster of Fairly Legal? A: USA Network\nQ: Who is the original broadcaster of The Simpsons? A: Fox Broadcasting Company\nQ: Who is the original broadcaster of Republic of Doyle? A: CBC Television",
  "P176": "Q: Which company is PlayStation 2 produced by? A: Sony Interactive Entertainment\nQ: Which company is Mercury-Redstone 3 produced by? A: McDonnell Aircraft\nQ: Which company is Altair 8800 produced by? A: Micro Instrumentation and Telemetry Systems\nQ: Which company is PlayStation 3 produced by? A: Sony Interactive Entertainment\nQ: Which company is Alcantara produced by? A: Alcantara\nQ: Which company is Dodge Dakota produced by? A: Dodge\nQ: Which company is carbon dioxide produced by? A: humanity\nQ: Which company is United States dollar produced by? A: Bureau of Engraving and Printing",
  "P1037": "Q: Who is the director of Athens Conservatoire? A: George Nazos\nQ: Who is the director of World Economic Forum? A: Klaus Schwab\nQ: Who is the director of National Hockey League? A: Gary Bettman\nQ: Who is the director of Op\u00e9ra-Comique? A: Olivier Mantei\nQ: Who is the director of Fraunhofer Society? A: Reimund Neugebauer\nQ: Who is the director of American Broadcasting Company? A: Bob Iger\nQ: Who is the director of National Aeronautics and Space Administration? A: Jim Bridenstine\nQ: Who is the director of British Broadcasting Corporation? A: Tony Hall, Baron Hall of Birkenhead",
  "P1308": "Q: Who is the President of the United States? A: Donald Trump\nQ: Who is the monarch of Italy? A: Odoacer\nQ: Who is the President pro tempore of the United States Senate? A: Orrin Hatch\nQ: Who is the Prime Minister of the United Kingdom? A: Boris Johnson\nQ: Who is the Governor of Tennessee? A: Bill Haslam\nQ: Who is the Vice President of the United States? A: Mike Pence\nQ: Who is the Premier of North Korea? A: Kim Jae-ryong\nQ: Who is the pope? A: Francis"
}